Unnamed: 0,Title,Desc,Type,BodyPart,Equipment,Level,Rating,RatingDesc
11,Bench barbell roll-out,"The bench barbell roll-out is a challenging exercise targeting the abdominals. It is similar to using an ab roller, but using a barbell allows for a wider grip. Placing the knees on a bench rather than the floor makes the move more difficult by increasing the challenge to the upper body.",Strength,Abdominals,Barbell,Beginner,8.3,Average
12,Barbell Side Bend,,Strength,Abdominals,Barbell,Beginner,7.0,Average
20,Advanced Kettlebell Windmill,,Strength,Abdominals,Kettlebells,Beginner,8.3,Average
22,Kettlebell Pass Between The Legs,,Strength,Abdominals,Kettlebells,Beginner,7.3,Average
40,Dumbbell spell caster,"The dumbbell spell caster is an exercise that primarily targets the abdominal muscles such as the obliques. However, it also works shoulders, back, hips, and legs, and demands all of those muscles work together in a coordinated motion. It is usually performed with relatively light weights for moderate to high reps, at least 8-12 reps per side. Make sure to only use a weight you can control.",Strength,Abdominals,Dumbbell,Beginner,9.3,Average
91,Plate Twist,,Strength,Abdominals,Other,Beginner,9.0,Average
156,Bosu Ball Cable Crunch With Side Bends,,Strength,Abdominals,Cable,Beginner,8.5,Average
158,Cable reverse crunch,"The cable reverse crunch is performed on the ground facing away from a high pulley, which helps target the lower abdominals specifically.",Strength,Abdominals,Cable,Beginner,8.2,Average
159,Cable Russian Twists,,Strength,Abdominals,Cable,Beginner,8.1,Average
161,Cable Seated Crunch,,Strength,Abdominals,Cable,Beginner,7.7,Average
162,Cable Judo Flip,,Strength,Abdominals,Cable,Beginner,5.0,Average
194,Gorilla Chin/Crunch,,Strength,Abdominals,Body Only,Beginner,9.0,Average
202,Crunch - Hands Overhead,,Strength,Abdominals,Body Only,Beginner,8.6,Average
204,Stomach Vacuum,,Stretching,Abdominals,Body Only,Beginner,8.5,Average
208,Butt-Ups,,Strength,Abdominals,Body Only,Beginner,8.3,Average
217,Janda Sit-Up,,Strength,Abdominals,Body Only,Beginner,7.4,Average
218,Leg Pull-In,"The reverse crunch is a popular exercise targeting the abdominals, particularly the lower half. Itâs easy to perform on either the floor or a flat bench. Many lifters think of this as a companion to the crunch, which targets the upper abdominals more than the lower.",Strength,Abdominals,Body Only,Beginner,7.4,Average
228,Cross Crunch,,Strength,Abdominals,Body Only,Beginner,0.0,Average
229,Full Moon,,Strength,Abdominals,Body Only,Beginner,0.0,
230,Hanging knee raise with manual resistance,"The hanging knee raise with manual resistance is a more advanced version of the hanging knee raise that utilizes a partner. The partner applies enough resistance to make the movement more difficult, while still allowing the lifter to perform multiple reps.",Strength,Abdominals,Body Only,Beginner,0.0,
234,Partner lying leg raise with lateral throw down,The partner lying leg raise with lateral throw down is a core exercise in which one partner performs a leg raise while the other partner pushes their legs back down at a lateral angle. The partner performing the exercise has to use core strength and stability to keep their legs from falling to the ground.,Strength,Abdominals,Body Only,Beginner,0.0,
235,Hanging leg raise with throw down,"The hanging leg raise with throw down is a more advanced version of the hanging knee raise that utilizes a partner to make the movement more difficult. The partner pushes down at the top of each rep, forcing the lifter to ""fight back"" with their abs.",Strength,Abdominals,Body Only,Beginner,0.0,
236,Partner sit-up with high-five,The partner sit-up with high-five is a full-body exercise targeting the core. Partners each perform a sit-up and high-five each other mid rep.,Strength,Abdominals,Body Only,Beginner,0.0,
238,Partner lying leg raise with throw down,The partner lying leg raise with throw down is a core exercise in which one partner performs a leg raise while the other partner pushes their legs back down. The partner performing the exercise has to use core strength and stability to keep their legs from falling to the ground.,Strength,Abdominals,Body Only,Beginner,0.0,
241,Partner target sit-up,"The partner target sit-up is a core exercise where one partner performs sit-ups, while the other uses his or her hands to create a target for them to reach for. This increases the challenge of each rep. It can be performed for time or reps in the ab-focused portion of any workout.",Strength,Abdominals,Body Only,Beginner,0.0,
242,Suspended Crunch,,Strength,Abdominals,Body Only,Beginner,0.0,Average
622,Partner front Russian twist and pass,"The partner front Russian twist and pass is a weighted version of a popular abdominal training exercise that also utilizes a training partner to add another dynamic component. It targets the oblique muscles, as well as the deep muscles of the core and the rectus abdominis or ""six pack"" muscles. It can be done for reps or time in an ab-focused portion of any workout.",Strength,Abdominals,Medicine Ball,Beginner,0.0,Average
625,Partner side Russian twist and pass,"The partner side Russian twist and pass is a weighted version of a popular abdominal training exercise that also utilizes a training partner to add another dynamic component. It primarily targets the oblique muscles, as well as the deep muscles of the core and the rectus abdominis or ""six pack"" muscles. It can be done for reps or time in an ab-focused portion of any workout.",Strength,Abdominals,Medicine Ball,Beginner,0.0,
643,Weighted Ball Side Bend,,Strength,Abdominals,Exercise Ball,Beginner,6.4,Average
662,Band Hip Adductions,,Strength,Adductors,Bands,Beginner,8.6,Average
666,Adductor SMR,"Adductor self-myofascial release (SMR) is a self-administered soft-tissue treatment for the lower body, usually using a foam roller, lacrosse ball, or other ""trigger point"" massage tool. By applying pressure strategically to the adductor muscles in the inner thigh region, some people find they can cause this often painful and tight muscle to relax or ""release."" Adductor SMR is often accompanied by SMR on the iliotibial (IT) band or glutes (TFL muscles), or by stretches that target the adductors.",Stretching,Adductors,Foam Roll,Beginner,4.0,Average
667,Lying Bent Leg Groin,,Stretching,Adductors,Other,Beginner,2.8,Average
671,Standing Hip Circles,,Stretching,Abductors,Body Only,Beginner,8.8,Average
672,Groiners,,Stretching,Adductors,Body Only,Beginner,8.8,Average
673,Fire Hydrant,,Strength,Abductors,Body Only,Beginner,8.0,Average
675,Side Leg Raises,,Stretching,Adductors,Body Only,Beginner,7.7,Average
680,Single-leg lying cross-over stretch,"The single-leg lying cross-over stretch is a simple bodyweight stretch targeting the lower back, hips, and glutes. It involves rotating a single leg over the body while lying flat on the back. It is commonly included in dynamic warm-ups, but can also be performed as full-body mobility work anytime.",Stretching,Abductors,Body Only,Beginner,1.6,Average
698,Groin and Back Stretch,,Stretching,Adductors,,Beginner,7.1,Average
699,Adductor/Groin,,Stretching,Adductors,,Beginner,3.6,Average
704,Brachialis SMR,"Brachialis self-myofascial release (SMR) is a self-administered soft-tissue treatment for the upper body, usually using a foam roller, lacrosse ball, or other ""trigger point"" massage tool. By applying pressure strategically to the biceps or brachialis muscles of the upper arm, some people find they can cause this often painful and tight muscle to relax or ""release."" Brachialis SMR is often accompanied by SMR on the triceps muscles or pectorals, or by stretches that target the biceps or pecs.",Stretching,Biceps,Foam Roll,Beginner,3.2,Average
705,Wide-grip barbell curl,"The wide-grip barbell curl is a variation of the classic barbell curl with the grip wider than shoulder width. It is thought that this helps build the inner or ""short"" head of the biceps muscles. This movement is usually performed for moderate to high reps, such as 8-12 reps per set.",Strength,Biceps,Barbell,Beginner,9.3,Average
708,Close-grip EZ-bar curl,"The close-grip EZ-bar curl is an exercise targeting the biceps, particularly the long head. The main difference between this exercise and standard EZ-bar curls is that the hands are positioned closer together on the bar. It is thought that this helps build the outer biceps head and the peak. This curl variation is usually performed for moderate to high reps, such as 8-12 reps per set.",Strength,Biceps,Barbell,Beginner,8.9,Average
710,Barbell Curls Lying Against An Incline,,Strength,Biceps,Barbell,Beginner,8.8,Average
711,Seated Close-Grip Concentration Barbell Curl,,Strength,Biceps,Barbell,Beginner,8.8,Average
712,Close-grip barbell curl,"The close-grip barbell curl is a curl variation where the hands are closer than shoulder width. It is thought that this helps build the outer biceps head and the peak. This curl variation is usually performed for moderate to high reps, such as 8-12 reps per set.",Strength,Biceps,Barbell,Beginner,8.6,Average
713,Drag curl,"The drag curl is a biceps exercise that attempts to remove the influence of the front deltoids on the classic curl. With the elbows kept back, the barbell ""drags"" up the torso. It is usually performed for moderate to high reps, such as 8-15 reps per set, as part of an upper-body or arms-focused workout.",Strength,Biceps,Barbell,Beginner,8.5,Average
715,Lying High Bench Barbell Curl,,Strength,Biceps,Barbell,Beginner,5.8,Average
716,Seated wide-grip curl to close-grip curl,"The seated wide-grip curl to close-grip curl is a variation on the classic seated dumbbell curl. It is thought that wide-grip curls target the inner head of the biceps more, while close-grip curls target the outer head or peak. This variation allows you to get the benefits of both.",Strength,Biceps,Barbell,Beginner,0.0,
717,Seated Straigh-Bar Curl Superset,"The seated wide-grip curl to close-grip curl is a variation on the classic seated dumbbell curl. The variation is that the range of motion changes in alternating fashionâone more traditional, one where youâre bringing the weight in more from the side.",Strength,Biceps,Barbell,Beginner,0.0,
731,Incline Hammer Curls,,Strength,Biceps,Dumbbell,Beginner,9.5,Average
733,Biceps curl to shoulder press,"The biceps curl to shoulder press is a dumbbell complex that combines two exercises that build and strengthen the biceps and shoulders or deltoids. It is usually performed one rep of each movement at a time, although you could perform more reps of each, or increase the reps in successive rounds (e.g., 1 rep in round 1, 2 reps in round 2, etc.). No matter how you structure the sets and reps, it is a time-efficient way to hit two crucial upper-body muscles in any workout.",Strength,Biceps,Dumbbell,Beginner,9.1,Average
735,Flexor Incline Dumbbell Curls,,Strength,Biceps,Dumbbell,Beginner,9.0,Average
737,Cross-body hammer curl,"The cross-body hammer curl is a dumbbell exercise that targets the biceps, brachialis, and forearm muscles. Rather than lifting the weights directly in front of the body, you lift them across the torso. Throughout each rep, the wrists remain neutral, like a carpenter hammering a nail. This helps isolate the brachialis muscles on each arm. It is generally performed for moderate to high reps, such as 8-12 reps or more, as part of the arm-focused portion of a workout.",Strength,Biceps,Dumbbell,Beginner,8.9,Average
741,Standing concentration curl,"The standing concentration curl is a variation on the more common seated concentration curl, which is a staple of bodybuilding arm routines. It can serve as a substitute for preacher curl variations if a preacher bench is unavailable and is also a classic way to focus in on the biceps peak. It is usually performed for moderate to high reps, such as 8-10 reps per set, with a focus on strict form and controlled tempo.",Strength,Biceps,Dumbbell,Beginner,8.7,Average
745,Preacher Hammer Dumbbell Curl,,Strength,Biceps,Dumbbell,Beginner,8.6,Average
747,Lying Supine Dumbbell Curl,,Strength,Biceps,Dumbbell,Beginner,8.3,Average
748,Standing Dumbbell Reverse Curl,"With the reverse-grip dumbbell curl, the palms face down, not up. This unorthodox wrist position simultaneously targets the biceps while also building forearm and grip strength. The move can performed standing or seated.",Strength,Biceps,Dumbbell,Beginner,8.1,Average
749,Palms-out incline biceps curl,"The palms-out incline biceps curl is an exercise targeting the biceps. It is largely similar to the incline dumbbell curl, but the palms-out position targets the long head of the biceps, which is responsible for the biceps ""peak."" This curl variation is usually performed for moderate to high reps, such as 8-12 reps per set or more, as part of upper-body or arm-focused training.",Strength,Biceps,Dumbbell,Beginner,8.0,Average
750,Straight-arm plank with biceps curl,"The straight-arm plank with biceps curl is a hybrid movement that trains the abdominal and biceps muscles simultaneously. It can address multiple muscle groups in a time-efficient muscle-building or circuit-style workout, while also providing an additional cardiovascular challenge.",Strength,Biceps,Dumbbell,Beginner,7.7,Average
751,Face-down incline dumbbell biceps curl,"The face-down incline dumbbell biceps curl is an exercise targeting the biceps and performed face down on an incline bench. This creates a vertical arm angle, which helps to isolate the biceps and limit involvement of the shoulder muscles. This curl variation is usually performed for moderate to high reps, such as 8-12 reps per set or more, as part of upper-body or arm-focused training.",Strength,Biceps,Dumbbell,Beginner,7.6,Average
752,Seated Dumbbell Inner Biceps Curl,,Strength,Biceps,Dumbbell,Beginner,7.4,Average
753,Standing Inner-Biceps Curl,,Strength,Biceps,Dumbbell,Beginner,7.4,Average
810,Reverse Plate Curls,,Strength,Biceps,Other,Beginner,7.2,Average
811,Standing Biceps Stretch,,Stretching,Biceps,Other,Beginner,7.1,Average
812,Suspended Curl,,Strength,Biceps,Other,Beginner,0.0,Average
813,Plate hammer curl,"The plate hammer curl is an exercise that targets the long head of the biceps as well as the brachialis and brachioradialis muscles. Typically hammer curls are done with dumbbells, but in this case, holding a weight plate places the hands in the same neutral position.",Strength,Biceps,Other,Beginner,0.0,Average
817,Standing One-Arm Cable Curl,The single-arm cable biceps curl is a single-joint isolation exercise for building the biceps. This move is intended to be strict and deliberate; this is not an exercise for using momentum or otherwise cheating.,Strength,Biceps,Cable,Beginner,8.8,Average
818,Reverse Cable Curl,,Strength,Biceps,Cable,Beginner,8.7,Average
821,Lying cable biceps curl,"The lying cable biceps curl is a cable exercise that targets the biceps. It is performed lying on the back, either on a bench or the ground, with the feet facing toward a cable stack. This movement is usually performed for moderate to high reps for a burn and pump as part of an arm-focused workout.",Strength,Biceps,Cable,Beginner,8.2,Average
822,Cable rope preacher hammer curl,"The cable rope preacher hammer curl is a single-joint arm exercise that builds strength and size in the biceps using a cable stack, a preacher bench, and a rope grip. The neutral or ""hammer"" grip amplifies activation of both the grip and the brachialis muscles, building arm thickness. The angle of the bench also effectively removes the shoulders from the movement, largely isolating the biceps. It is generally performed for higher reps, at least 8-15 per set.",Strength,Biceps,Cable,Beginner,7.5,Average
823,Lying Close-Grip Bar Curl On High Pulley,The lying high-cable biceps curl is an unusual move for building the bicepsâbut itâs a highly effective one. Lying prone and curling down toward you provides a different stimulus than more standard approaches allow.,Strength,Biceps,Cable,Beginner,7.1,Average
846,Machine Bicep Curl,,Strength,Biceps,Machine,Beginner,9.0,Average
847,Machine Preacher Curls,The machine preacher curl is an isolation exercise targeting the biceps.,Strength,Biceps,Machine,Beginner,8.3,Average
852,Seated Biceps,,Stretching,Biceps,Body Only,Beginner,5.0,Average
859,Reverse Barbell Preacher Curls,"The reverse-grip barbell curl is a variation on the biceps curl where the palms face downward. The switch from an underhand to an overhand grip brings the forearm and brachialis muscles more into the exercise. If it is uncomfortable to the wrists, try performing it on the angles of an EZ-curl bar.",Strength,Biceps,E-Z Curl Bar,Beginner,8.8,Average
860,Close-Grip EZ-Bar Curl with Band,,Strength,Biceps,E-Z Curl Bar,Beginner,7.9,Average
868,Calf Raises - With Bands,,Strength,Calves,Bands,Beginner,4.8,Average
871,Calf SMR,"Calf self-myofascial release (SMR) is a self-administered soft-tissue treatment for the lower body, usually using a foam roller, lacrosse ball, or other ""trigger point"" massage tool. By applying pressure strategically to the calf muscles of the lower leg, some people find they can cause this often painful and tight muscle to relax or ""release."" Calf SMR is often accompanied by SMR on the quadriceps muscles, or by stretches that target the calves.",Stretching,Calves,Foam Roll,Beginner,6.0,Average
872,Rocking Standing Calf Raise,,Strength,Calves,Barbell,Beginner,8.7,Average
873,Standing barbell calf raise,"The standing barbell calf raise is a popular exercise to target the calf muscles of the lower leg, particularly the gastrocnemius muscle. It can be performed for time or for reps, either using a barbell or Smith machine bar if balance is a problem.",Strength,Calves,Barbell,Beginner,8.2,Average
874,Barbell Seated Calf Raise,,Strength,Calves,Barbell,Beginner,7.6,Average
876,Calf Raise On A Dumbbell,,Strength,Calves,Dumbbell,Beginner,4.8,Average
880,Balance Board,,Strength,Calves,Other,Beginner,7.5,Average
882,Anterior Tibialis-SMR,,Stretching,Calves,Other,Beginner,5.3,Average
883,Foot-SMR,,Stretching,Calves,Other,Beginner,2.7,Average
887,Standing Calf Raises,"The standing calf raise is a popular movement to target the calf muscles of the lower leg, and in particular the gastrocnemius muscles. When unweighted, it is usually performed for high reps or for time.",Strength,Calves,Machine,Beginner,9.0,Average
890,Calf Press,"The standing calf raise is a popular movement to target the calf muscles of the lower leg, and in particular the gastrocnemius muscles. When unweighted, it is usually performed for high reps or for time.",Strength,Calves,Machine,Beginner,8.5,Average
891,Smith Machine Reverse Calf Raises,,Strength,Calves,Machine,Beginner,7.3,Average
905,Knee Circles,,Stretching,Calves,Body Only,Beginner,6.3,Average
912,Ankle Circles,,Stretching,Calves,,Beginner,7.2,Average
913,Calf Stretch Elbows Against Wall,,Stretching,Calves,,Beginner,4.9,Average
914,Standing Soleus And Achilles Stretch,,Stretching,Calves,,Beginner,4.2,Average
915,Cross Over - With Bands,,Strength,Chest,Bands,Beginner,8.3,Average
916,Bench Press - With Bands,,Strength,Chest,Bands,Beginner,5.5,Average
917,Bench Press With Short Bands,,Powerlifting,Chest,Bands,Beginner,0.0,
918,Feet-Elevated TRX Push-Up,,Strength,Chest,Bands,Beginner,0.0,
930,Wide-grip bench press,"The wide-grip bench press is a compound exercise targeting the chest and, to a lesser extent, the triceps. The main difference between this exercise and the standard bench press is that the hands are placed farther apart on the bar. Many lifters find they can handle more weight going wide than with narrower grips, although it's also worth noting that plenty of banged-up lifters have said benching with a wide grip may also have contributed to their shoulder injuries and pain. The wide-grip bench is often used as a chest-building movement in chest or upper-body workouts, or as an accessory movement for the traditional bench press.",Strength,Chest,Barbell,Beginner,8.9,Average
931,Wide-Grip Decline Barbell Bench Press,,Strength,Chest,Barbell,Beginner,8.9,Average
933,Neck Press,,Strength,Chest,Barbell,Beginner,8.8,Average
934,Front Raise And Pullover,,Strength,Chest,Barbell,Beginner,8.3,Average
936,Barbell Bench Press-Wide Grip,"The wide-grip bench pressis a compound exercise targeting the chest, primarily. The main difference between this exercise and the standard bench press is that the hands are placed wider apart on the bar.",Strength,Chest,Barbell,Beginner,7.6,Average
937,Wide-Grip Decline Barbell Pullover,,Strength,Chest,Barbell,Beginner,7.3,Average
938,Barbell Guillotine Bench Press,,Strength,Chest,Barbell,Beginner,6.7,Average
954,Extended Range One-Arm Kettlebell Floor Press,,Strength,Chest,Kettlebells,Beginner,6.3,Average
955,Kettlebell alternating floor press,"The kettlebell alternating floor press limits the range of motion you would achieve with a dumbbell or kettlebell bench press, but still targets the chest, triceps, and anterior delts. This allows you to build strength in the top portion of the lift, overload the triceps, and work on strengthening the shoulder stabilizers.",Strength,Chest,Kettlebells,Beginner,6.0,Average
956,One-Arm Kettlebell Floor Press,,Strength,Chest,Kettlebells,Beginner,0.0,
957,Leg-Over Floor Press,,Strength,Chest,Kettlebells,Beginner,0.0,
962,Hands-elevated push-up,"The hands-elevated push-up is a variation on the classic push-up where the hands are placed on a bench or other elevated surface. Having the hands higher than the feet makes it easier than push-ups on the floor, but also puts the emphasis more on the triceps. It can be used as a substitute for floor push-ups or as a mechanical dropset after maxing out on floor push-ups.",Strength,Chest,Body Only,Beginner,8.7,Average
964,Single-Arm Push-Up,,Strength,Chest,Body Only,Beginner,8.6,Average
966,Wide-grip hands-elevated push-up,"The wide-grip hands-elevated push-up is a variation on the elevated push-up performed with the hands farther apart than with a standard push-up. Having the hands higher than the feet makes it easier than wide-grip push-ups on the floor, but the extra width also puts more emphasis on the chest muscles. It can be used as a substitute for wide-grip floor push-ups, or as a mechanical dropset after maxing out on floor push-ups.",Strength,Chest,Body Only,Beginner,8.5,Average
969,Isometric Wipers,The typewriter push-up is an advanced push-up variation where the hands are extra wide and you lower toward each hand in alternating reps. It is more challenging to each working arm than traditional push-ups and also stretches and challenges the chest.,Strength,Chest,Body Only,Beginner,8.4,Average
970,Clock push-up,"The clock push-up is a series of regular push-ups performed one at a time, moving your hands one step to the side between each one until you've completed a full circle. It targets the same muscles as traditional push-ups, such as the chest, triceps, and shoulders, but adds an endurance and core challenge to traditional push-ups.",Strength,Chest,Body Only,Beginner,8.4,Average
972,Push-Up Wide,"The wide push-up is a variation of the push-up with the hands wider than shoulder-width apart. It targets upper-body muscle groups including the chest, shoulders, and triceps, but has more of a chest emphasis than narrower-grip push-up variations. If wide push-ups lead to pain in the front of your shoulder, opt for a narrower version.",Strength,Chest,Body Only,Beginner,8.3,Average
974,Close-Hands Push-Up,"The close push-up is an upper-body exercise that targets the chest, triceps, and shoulders. The close hand position places more emphasis on the triceps.",Strength,Chest,Body Only,Beginner,7.8,Average
975,Tiger-bend push-up,The tiger-bend push-up is an advanced push-up variation where you shift onto your forearms at the bottom position and then back onto your hands and up again. It targets the triceps far more than regular push-ups.,Strength,Chest,Body Only,Beginner,7.6,Average
976,Plyo push-up,"The plyo push-up is a bodyweight exercise aimed at increasing upper-body power and strength. It targets the muscles of the chest, triceps, and shoulders, and can be trained in low reps for power and strength, or higher reps for conditioning.",Plyometrics,Chest,Body Only,Beginner,7.5,Average
980,Isometric Chest Squeezes,,Plyometrics,Chest,Body Only,Beginner,7.1,Average
981,Side-to-side push-up,The side-to-side push-up is a variation of the push-up exercise where you side-step the opposite hand and foot and perform a push-up.,Strength,Chest,Body Only,Beginner,6.7,Average
982,Typewriter push-up,The typewriter push-up is an advanced push-up variation where the hands are extra wide and you lower toward each hand in alternating reps. It is more challenging to each working arm than traditional push-ups and also stretches and challenges the chest.,Strength,Chest,Body Only,Beginner,0.0,
984,Judo push-up,"The judo push-up is an advanced push-up variation that blends elements of the yoga poses downward- and upward-facing dog. This movement increases the demands on the shoulders, but also has mobility benefits. It can work in a dynamic warm-up or mobility-focused workout, but also in bodyweight strength training.",Strength,Chest,Body Only,Beginner,0.0,
985,Superman Push-Up,,Plyometrics,Chest,Body Only,Beginner,0.0,
986,Wide push-up,"The wide push-up is a variation of the push-up with the hands wider than shoulder-width apart. It targets upper-body muscle groups including the chest, shoulders, and triceps, but has more of a chest emphasis than narrower-grip push-up variations. If wide push-ups lead to pain in the front of your shoulder, opt for a narrower version.",Strength,Chest,Body Only,Beginner,0.0,
987,One-Arm Push-Up,,Strength,Chest,Body Only,Beginner,0.0,
988,Clapping Push-Up,"Also known as a plyo push-up, the clapping push-up is a bodyweight exercise aimed at increasing upper-body power and strength. It targets the muscles of the chest, triceps, and shoulders, and can be trained in low reps for power and strength, or higher reps for conditioning.",Plyometrics,Chest,Body Only,Beginner,0.0,
989,Staggered push-up,"The staggered push-up is a variation of the push-up exercise where your hand position is staggered, with one hand forward and one back. It targets the same muscles as a traditional push-up, including the chest, triceps, and shoulders, but is more difficult to the rear arm and core.",Strength,Chest,Body Only,Beginner,0.0,Average
990,Reverse-grip hands-elevated push-up,"The reverse-grip hands-elevated push-up is a bodyweight exercise performed on a Smith machine or other elevated surface. It targets the chest, triceps, and shoulders. It can work as a regression of floor reverse-grip push-ups, or in a progressive mechanical dropset moving the bar up once you reach failure at a lower height.",Strength,Chest,Body Only,Beginner,0.0,Average
991,Triple Clap Push-Up,,Plyometrics,Chest,Body Only,Beginner,0.0,
1048,Leverage Incline Chest Press,,Strength,Chest,Machine,Beginner,8.6,Average
1050,Leverage Chest Press,The machine chest press is an upper body exercise targeting the pectoral muscles.,Strength,Chest,Machine,Beginner,8.5,Average
1051,Decline Smith Press,"The Smith machine decline bench press is a machine-based exercise targeting the chest muscles, particularly the lower pectoral muscles. The Smith machine mimics a barbell but provides more stability. This movement is often performed for moderate to high reps, such as 8-12 reps per set or more, as part of a chest or upper-body workout.",Strength,Chest,Machine,Beginner,8.4,Average
1053,Leverage Decline Chest Press,,Strength,Chest,Machine,Beginner,8.3,Average
1057,Smith Machine Decline Press,"The Smith machine decline bench press is a machine-based exercise targeting the chest muscles, particularly the lower pectoral muscles. The Smith machine mimics a barbell but provides more stability. This movement is often performed for moderate to high reps, such as 8-12 reps per set or more, as part of a chest or upper-body workout.",Strength,Chest,Machine,Beginner,7.3,Average
1058,Smith machine bench press throw,The Smith machine bench press throw is an exercise that helps develop pushing power that carries over to the traditional bench press. It involves pushing a relatively light weight (such as 30-50 percent of your 1RM) explosively and actually letting go at the top of the rep. It can work as power or speed-style training in a strength or athleticism-focused workout plan.,Strength,Chest,Machine,Beginner,0.0,
1076,Incline cable chest press,"The incline cable chest press is a pressing movement that uses a cable stack and an incline bench to target the upper portion of the pectoral muscles, similar to an incline dumbbell press. It is common in upper-body and chest-focused muscle-building workouts, where it can be effective as a primary movement in classic hypertrophy rep ranges, as a pre-exhaust, or as a high-rep finisher. It is often used in combination with other presses or flyes to target the chest from different angles.",Strength,Chest,Cable,Beginner,8.7,Average
1077,Cable Chest Press,,Strength,Chest,Cable,Beginner,8.7,Average
1079,Cable cross-over,"The cable cross-over is an isolation movement that uses a cable stack to build bigger and stronger pectoral muscles. Since it's done using adjustable pulleys, you can target different parts of your chest by setting the pulleys at different levels. It is common in upper-body and chest-focused muscle-building workouts, often as a pre-exhaust at the beginning of a workout or a finishing movement at the end. It is often used in combination with other presses or flyes to target the chest from different angles.",Strength,Chest,Cable,Beginner,8.4,Average
1080,Standing Cable Chest Press,,Strength,Chest,Cable,Beginner,8.2,Average
1098,Chest Push (multiple response),,Plyometrics,Chest,Medicine Ball,Beginner,8.3,Average
1102,Chest Push (single response),,Plyometrics,Chest,Medicine Ball,Beginner,0.0,
1103,Chest Push with Run Release,,Plyometrics,Chest,Medicine Ball,Beginner,0.0,
1104,Chest Push from 3 point stance,,Plyometrics,Chest,Medicine Ball,Beginner,0.0,
1109,Reverse-grip incline dumbbell bench press,"The reverse-grip incline dumbbell bench press is an upper-body exercise targeting the pectoral muscles. Pressing with a reverse grip targets the upper chest in particular, especially when performed on an incline. This press variation is usually performed for moderate to high reps, such as 8-12 reps per set or more, as part of upper-body or chest-focused training.",Strength,Chest,Dumbbell,Beginner,8.9,Average
1114,Hammer Grip Incline DB Bench Press,,Strength,Chest,Dumbbell,Beginner,8.5,Average
1116,Incline Dumbbell Bench With Palms Facing In,,Strength,Chest,Dumbbell,Beginner,8.4,Average
1117,Incline Dumbbell Flyes - With A Twist,,Strength,Chest,Dumbbell,Beginner,8.3,Average
1121,One-Arm Flat Bench Dumbbell Flye,,Strength,Chest,Dumbbell,Beginner,6.5,Average
1155,Bodyweight Flyes,"The double-bar roll-out chest fly is a chest exercise that utilizes two rotating barbells as ""handles"" for a chest fly. It targets the muscles of the chest, but is also an intense core workout. It's a tough movement that is usually performed in the chest-focused portion of a workout.",Strength,Chest,E-Z Curl Bar,Beginner,9.0,Average
1158,Drop Push,,Plyometrics,Chest,Other,Beginner,8.8,Average
1159,Forward Drag with Press,,Strongman,Chest,Other,Beginner,6.0,Average
1160,Chain Press,,Powerlifting,Chest,Other,Beginner,5.6,Average
1161,Behind Head Chest Stretch,,Stretching,Chest,Other,Beginner,4.9,Average
1162,Pass-through stretch with band,The pass-through stretch with band is a popular move to build and maintain mobility in the shoulder joint and to strengthen the muscles of the upper back and rotator cuff. It is common in CrossFit and Olympic lifting training and is usually performed as part of a warm-up or paired with movements in a workout. It can also be performed with a PVC pipe or dowel if a band isn't available.,Stretching,Chest,Other,Beginner,3.0,Average
1164,Heavy Bag Thrust,,Plyometrics,Chest,Other,Beginner,0.0,Average
1165,Decline Explosive Push-Up,,Plyometrics,Chest,Other,Beginner,0.0,
1166,Suspended Chest Fly,,Strength,Chest,Other,Beginner,0.0,
1167,Svend press,The Svend press is an exercise where the chest is targeted by performing presses while squeezing two weight plates together. It is usually performed for relatively high reps with light weights as an accessory movement to the bench press or as a burnout movement on chest day.,Strength,Chest,Other,Beginner,0.0,
1168,Bar Push-Up Smith Machine,"The hands-elevated push-up is a variation on the push-up, a body-weight standard. The hands are elevated, so that your body is aligned at an angle to the floor rather than parallel.",Plyometrics,Chest,Other,Beginner,0.0,
1174,Exercise ball chest stretch,"The exercise ball chest stretch is a simple stretch for the pectoral muscles that can be made more dynamic with help from a medicine ball. It can work in a dynamic warm-up, paired with movements in a workout, or as part of a cool-down or recovery strategy. If the stretch causes pain in the front of your shoulder, dial back the intensity or choose another chest stretch.",Stretching,Chest,Exercise Ball,Beginner,3.6,Average
1175,Bosu Ball Push-Up,,Strength,Chest,Exercise Ball,Beginner,0.0,Average
1181,Standing behind-the-back wrist curl,"The standing behind-the-back wrist curl is a popular exercise to target the muscles in the forearms, wrists, and fingers. It is generally performed for moderate to high reps, such as 8-15 reps per set, and can work as isolated forearm training or as part of an arms-focused workout.",Strength,Forearms,Barbell,Beginner,9.3,Average
1182,Seated finger curl,"The seated finger curl is an exercise targeting the muscles of the hands and forearms. It is popular with rock climbers and other athletes looking to build forearm size and strength. The range of motion is tiny, but done for moderate to high reps, these will definitely make the forearms burn.",Strength,Forearms,Barbell,Beginner,9.3,Average
1184,Bottoms-Up Clean From The Hang Position,,Strength,Forearms,Kettlebells,Beginner,8.3,Average
1185,Seated One-Arm Dumbbell Palms-Up Wrist Curl,,Strength,Forearms,Dumbbell,Beginner,9.0,Average
1186,Palms-Up Dumbbell Wrist Curl Over A Bench,,Strength,Forearms,Dumbbell,Beginner,8.6,Average
1187,Seated palms-down wrist curl,"The seated palms-down wrist curl is an exercise targeting the forearms. It is usually performed for high reps, such as 10-15 reps per set or more, as part of a grip or arm-focused workout.",Strength,Forearms,Dumbbell,Beginner,8.4,Average
1188,Palms-Down Dumbbell Wrist Curl Over A Bench,,Strength,Forearms,Dumbbell,Beginner,8.4,Average
1189,Seated One-Arm Dumbbell Palms-Down Wrist Curl,,Strength,Forearms,Dumbbell,Beginner,8.3,Average
1190,Seated Dumbbell Palms-Up Wrist Curl,,Strength,Forearms,Dumbbell,Beginner,6.2,Average
1191,Partner farmer's walk,"The partner farmer's walk is a protocol for performing farmer's carries with dumbbells or other weights. One partner walks for a predetermined distance or time, then passes the weight to the other partner who walks for the same distance or time.",Strength,Forearms,Dumbbell,Beginner,5.3,Average
1195,Rickshaw Carry,,Strongman,Forearms,Other,Beginner,9.6,Average
1197,Wrist Roller,,Strength,Forearms,Other,Beginner,9.1,Average
1198,Standing Olympic Plate Hand Squeeze,,Strength,Forearms,Other,Beginner,8.6,Average
1199,Plate Pinch,,Strength,Forearms,Other,Beginner,8.3,Average
1203,Seated Two-Arm Palms-Up Low-Pulley Wrist Curl,,Strength,Forearms,Cable,Beginner,9.2,Average
1204,Cable Wrist Curl,,Strength,Forearms,Cable,Beginner,7.8,Average
1206,Wrist Circles,,Stretching,Forearms,Body Only,Beginner,2.5,Average
1207,Kneeling Forearm Stretch,,Stretching,Forearms,,Beginner,5.2,Average
1208,Hip Extension with Bands,,Strength,Glutes,Bands,Beginner,7.2,Average
1209,Hip Lift with Band,,Powerlifting,Glutes,Bands,Beginner,6.0,Average
1216,Kneeling Squat,,Powerlifting,Glutes,Barbell,Beginner,8.6,Average
1217,Kneeling Jump Squat,,Olympic Weightlifting,Glutes,Barbell,Beginner,7.6,Average
1226,Suspended Hip Thrust,,Strength,Glutes,Other,Beginner,0.0,
1228,Pull Through,,Strength,Glutes,Cable,Beginner,7.4,Average
1235,Glute Kickback,,Strength,Glutes,Body Only,Beginner,8.3,Average
1236,Standing hip extension,The standing hip extension is a movement that activates the glutes and hamstrings. It is often performed either for time or reps as part of a dynamic warm-up.,Strength,Glutes,Body Only,Beginner,6.5,Average
1239,Seated Glute,,Stretching,Glutes,Body Only,Beginner,3.1,Average
1240,Lying Glute,,Stretching,Glutes,Body Only,Beginner,3.0,Average
1242,Seated Glute Stretch,,Stretching,Glutes,Body Only,Beginner,0.0,
1243,Neck Bridge Supine,,Strength,Glutes,Body Only,Beginner,0.0,
1288,Downward Facing Balance,,Strength,Glutes,Exercise Ball,Beginner,4.0,Average
1289,Band Good Morning (Pull Through),,Powerlifting,Hamstrings,Bands,Beginner,8.3,Average
1291,Hamstring-SMR,,Stretching,Hamstrings,Foam Roll,Beginner,5.5,Average
1293,Clean Deadlift,,Olympic Weightlifting,Hamstrings,Barbell,Beginner,9.4,Average
1294,Sumo deadlift,"The sumo deadlift is a compound movement in which the feet are set in a wide stance with toes pointed out and grip is placed inside of the legs. It is allowed to be performed instead of conventional deadlifts in most powerlifting competitions. The sumo deadlift targets the hamstrings, glutes, and upper back/traps, but also has a greater emphasis on stretching and strengthening the adductor and hip muscles due to the wide stance.",Powerlifting,Hamstrings,Barbell,Beginner,9.3,Average
1295,Romanian Deadlift from Deficit,,Olympic Weightlifting,Hamstrings,Barbell,Beginner,9.2,Average
1296,Power Snatch,,Olympic Weightlifting,Hamstrings,Barbell,Beginner,9.2,Average
1297,Power Clean from Blocks,,Olympic Weightlifting,Hamstrings,Barbell,Beginner,9.2,Average
1298,Snatch Deadlift,,Olympic Weightlifting,Hamstrings,Barbell,Beginner,8.9,Average
1300,Hang Snatch,,Olympic Weightlifting,Hamstrings,Barbell,Beginner,8.7,Average
1301,Wide Stance Stiff Legs,,Olympic Weightlifting,Hamstrings,Barbell,Beginner,8.5,Average
1302,Clean,,Olympic Weightlifting,Hamstrings,Barbell,Beginner,8.5,Average
1306,Sumo Deadlift with Chains,,Powerlifting,Hamstrings,Barbell,Beginner,7.8,Average
1307,Sumo Deadlift with Bands,,Powerlifting,Hamstrings,Barbell,Beginner,0.0,Average
1308,Good Morning off Pins,,Powerlifting,Hamstrings,Barbell,Beginner,0.0,Average
1309,Stiff-Legged Deadlift,"The barbell stiff-legged deadlift targets the hamstrings, glutes, lower and upper back, as well as the core. It is a popular accessory movement for the deadlift, but also a muscle-building hamstring movement.",Strength,Hamstrings,Barbell,Beginner,0.0,Average
1310,Snatch Pull,,Strength,Hamstrings,Barbell,Beginner,0.0,Average
1311,Hanging Bar Good Morning,,Powerlifting,Hamstrings,Barbell,Beginner,0.0,Average
1312,Reverse Band Sumo Deadlift,,Powerlifting,Hamstrings,Barbell,Beginner,0.0,Average
1313,Muscle Snatch,,Olympic Weightlifting,Hamstrings,Barbell,Beginner,0.0,Average
1314,Split Snatch,,Olympic Weightlifting,Hamstrings,Barbell,Beginner,0.0,Average
1315,Hang Snatch - Below Knees,,Olympic Weightlifting,Hamstrings,Barbell,Beginner,0.0,Average
1319,Single-arm kettlebell clean,"The single-arm kettlebell clean is an explosive kettlebell exercise where the lifter pulls the weight to shoulder level in a single movement. While the kettlebell clean is often used as a transitional movement into the press or front squat, it is also a valuable strength and power exercise in its own right. It can be performed in low rep ranges for strength or higher rep ranges for technique practice or muscle growth.",Strength,Hamstrings,Kettlebells,Beginner,8.6,Average
1321,Romanian Deadlift with Kettlebell,,Strength,Hamstrings,Kettlebells,Beginner,8.0,Average
1323,Kettlebell Dead Clean,,Strength,Hamstrings,Kettlebells,Beginner,5.3,Average
1324,Alternating Hang Clean,,Strength,Hamstrings,Kettlebells,Beginner,4.9,Average
1325,One-Arm Open Palm Kettlebell Clean,,Strength,Hamstrings,Kettlebells,Beginner,0.0,
1326,Open Palm Kettlebell Clean,,Strength,Hamstrings,Kettlebells,Beginner,0.0,
1327,Kettlebell Hang Clean,,Strength,Hamstrings,Kettlebells,Beginner,0.0,
1328,Double Kettlebell Alternating Hang Clean,,Strength,Hamstrings,Kettlebells,Beginner,0.0,
1329,Romanian Deadlift With Dumbbells,"The dumbbell stiff-legged deadlift targets the hamstrings, glutes, low and upper back, as well as the core. The purpose of the stiff-legged, as opposed to Romanian deadlift with slightly bent knees, is to engage the hamstrings and low back to an even greater degree.",Strength,Hamstrings,Dumbbell,Beginner,9.4,Average
1331,Vertical Swing,,Plyometrics,Hamstrings,Dumbbell,Beginner,7.5,Average
1335,Box jump,"The box jump is an explosive exercise that strengthens the muscles of the lower body, including the quads, glutes, calves, and hamstrings. They also develop power in the lower body while revving the heart rate. Box jumps can be performed for low reps to focus on strength and power, or for higher reps for metabolic conditioning. Most coaches recommend stepping down rather than jumping down between reps.",Plyometrics,Hamstrings,Other,Beginner,8.6,Average
1337,Sled push-,"The sled push is a conditioning exercise that targets the cardiovascular system and the muscles of the lower body. It involves pushing a sled along turf or another flat surface either for time or distance. Depending on your type of equipment, you may be pushing handles or straps in front of the sled. It can be used as part of a dynamic warm-up or for power training, as a finisher, or as part of a conditioning workout or circuit.",Cardio,Hamstrings,Other,Beginner,7.4,Average
1338,Lying Hamstring,,Stretching,Hamstrings,Other,Beginner,6.3,Average
1339,Chair Leg Extended Stretch,,Stretching,Hamstrings,Other,Beginner,2.4,Average
1340,Suspended Leg Curl,,Strength,Hamstrings,Other,Beginner,0.0,Average
1341,Box Skip,,Plyometrics,Hamstrings,Other,Beginner,0.0,Average
1342,Power Stairs,,Strongman,Hamstrings,Other,Beginner,0.0,Average
1343,Seated Hamstring and Calf Stretch,,Stretching,Hamstrings,Other,Beginner,0.0,
1344,Hamstring slide,"The hamstring slide is a bodyweight exercise targeting the hamstrings. Lying supine on a smooth surface, bend your knees to pull both heels toward you. The sliding action requires a pad, cloth, or furniture sliders under the heels. These are considered more difficult than exercise ball hamstring curls and are a great primer movement before heavy squats or deadlifts, or as an accessory movement later in a lower-body workout.",Strength,Hamstrings,Other,Beginner,0.0,
1348,Lying Leg Curls,"The lying leg curl is a popular machine-based exercise for the legs, particularly the hamstrings. It is similar to the seated leg curl, but the open hip angle in the lying leg curl may incorporate more glute and calf activation. It is usually performed for moderate to high reps, such as 8-12 reps per set or more, as part of a leg pre-exhaust or as a muscle-building movement for lower-body training.",Strength,Hamstrings,Machine,Beginner,8.9,Average
1350,Reverse Hyperextension,,Strength,Hamstrings,Machine,Beginner,8.0,Average
1352,Standing Leg Curl,,Strength,Hamstrings,Machine,Beginner,7.4,Average
1353,Smith machine stiff-legged deadlift,"The Smith machine stiff-legged deadlift is a machine-based exercise targeting the muscles of the hamstrings, glutes, and upper back. The Smith machine mimics a barbell but provides more stability. This movement can be programmed like a traditional stiff-legged or Romanian deadlift, in low reps for strength or higher reps for muscle and strength endurance. It is often performed for moderate to high reps, such as 8-12 reps per set or more, as part of a full-body or lower-body workout.",Strength,Hamstrings,Machine,Beginner,7.0,Average
1367,Natural Glute Ham Raise,The glute ham raise is an exercise targeting the glutes and hamstrings on a GHD.,Strength,Hamstrings,Body Only,Beginner,9.1,Average
1368,Standing leg swing,"The standing leg swing is a dynamic stretching exercise that involves moving one leg up in front of you, as if to punt an imaginary football. This is a classic move for warming up the body and stretching the hamstrings.",Stretching,Hamstrings,Body Only,Beginner,8.4,Average
1372,Inchworm,The inchworm is a popular bodyweight exercise that involves âwalkingâ the hands on the floor from a bent-over toe-touch position into a straight-arm plank. It is usually performed as part of a dynamic warm-up to help raise core body temperature and âlimber upâ the body from head to toe.,Stretching,Hamstrings,Body Only,Beginner,7.5,Average
1375,90/90 Hamstring,,Stretching,Hamstrings,Body Only,Beginner,5.0,Average
1379,Knee To Chest,,Stretching,Hamstrings,Body Only,Beginner,0.0,
1381,Hip Stretch With Twist,,Stretching,Hamstrings,Body Only,Beginner,0.0,
1383,Alternating Leg Swing,,Stretching,Hamstrings,Body Only,Beginner,0.0,
1384,Single-leg balance and reach,The single-leg balance and reach is an exercise that focuses on lower-body strength and stability.,Stretching,Hamstrings,Body Only,Beginner,0.0,
1385,High Kick,,Stretching,Hamstrings,Body Only,Beginner,0.0,Average
1402,Glute ham raise-,"The glute ham raise is an exercise targeting the glutes and hamstrings on a GHD, or glute ham developer bench. The unassisted version of the movement requires serious hamstring strength, so it is more common to see versions that use a band or PVC pipe for assistance. It is commonly performed as an accessory movement for heavy barbell lifts. While a single rep may be a struggle at first, with time, strong athletes can build up to doing them for 8-12 reps per set.",Strength,Hamstrings,,Beginner,9.1,Average
1403,Lying hamstring stretch with band,"The lying hamstring stretch with band is a simple way to stretch a chronically tight muscle group of the lower body. It is common in stretching and yoga classes but can also be performed individually as part of a warm-up, paired with movements in a workout, or as part of a cool-down or recovery strategy.",Stretching,Hamstrings,,Beginner,5.9,Average
1404,Upper Back-Leg Grab,,Stretching,Hamstrings,,Beginner,5.4,Average
1405,Seated Hamstring,,Stretching,Hamstrings,,Beginner,5.3,Average
1406,Alternating lunge jump,"The alternating lunge jump is an explosive bodyweight exercise that targets the lower-body muscles, including the quads, glutes, and hamstrings. It can be performed for time or reps in power training, and is also effective in any fat-loss or athleticism-focused workout.",Stretching,Hamstrings,,Beginner,4.2,Average
1411,Assisted Chin-Up,"The reverse-grip chin-up is a variation of the pull-up exercise in which the reps are performed with the palms facing toward the body, in an underhand position, with a band looped around the feet or knees. This reduces weight and resistance at the bottom of the rep, while increasing it toward the top. Like other pull-up variations, it builds strength and muscle in the upper back, biceps, and core, but it utilizes the biceps slightly more than overhand band-assisted pull-ups.",Strength,Lats,Bands,Beginner,0.0,Average
1419,Barbell pull-over to press,"The barbell pull-over to press is a complex that combines two popular exercises into one sequence that works much of the upper body, particularly the chest, triceps, and serratus anterior muscles. It is commonly performed with an EZ-bar, but can also be performed with a straight bar or neutral-grip bar. Because the pull-over will determine the amount of weight you can use, this movement is usually performed for moderate to high reps, such as 8-12 reps per set or more, as part of the upper-body portion of a workout.",Strength,Lats,Barbell,Beginner,0.0,
1452,Rocky Pull-Ups/Pulldowns,,Strength,Lats,Other,Beginner,9.0,Average
1453,Gironda Sternum Chins,,Strength,Lats,Other,Beginner,8.5,Average
1454,Floor rope climb,"The floor rope climb is an exercise that involves performing partial rope climbs in a prone position with the feet on the floor. It can help prepare someone for full rope climbs, but also trains the muscles of the back, biceps, and grip. It can be done for time or reps.",Strength,Lats,Other,Beginner,7.0,Average
1455,Overhead Lat,,Stretching,Lats,Other,Beginner,1.0,Average
1456,Around-the-world pull-up,"The around-the-world pull-up is a more advanced version of the classic pull-up. It focuses stress more directly on the individual arms or sides of the back, while also boosting the time under tension at the top of each rep. It can be used as a progression toward a one-arm pull-up, or simply as a way to increase the challenge and variety of your pull-up training.",Strength,Lats,Other,Beginner,0.0,
1457,L-sit chin-up,"The L-sit chin-up is an exercise targeting the back, biceps, core, and overall upper-body strength. It is considered significantly more difficult than standard chin-ups, and as such, is often performed for relatively low reps, such as 5-8 reps per set or less, with a focus on strength and form.",Strength,Lats,Other,Beginner,0.0,
1475,Single-arm kneeling lat pull-down,"The single-arm kneeling lat pull-down is a variation of the lat pull-down exercise performed one arm at a time, with the knees on the ground, rather than sitting on a bench or machine. It has all of the same benefits of a lat pull-down performed on a bench or machine, in addition to providing further activation to the core and lower body.",Strength,Lats,Cable,Beginner,8.3,Average
1476,Elevated Cable Rows,"The cable seated row is a popular exercise to train the muscles of the upper back, including the lats (latissimus dorsi), traps, rhomboids, and rear deltoids, using a cable stack. It also targets the biceps to a lesser degree. The cable row can work well in a variety of rep-ranges, but is most popular in muscle-building workouts or as an accessory movement for strength workouts.",Strength,Lats,Cable,Beginner,8.3,Average
1477,Full Range-Of-Motion Lat Pulldown,,Strength,Lats,Cable,Beginner,8.1,Average
1495,Machine seated row,"The machine seated row is a popular exercise targeting the back muscles, particularly the lats (latissimus dorsi), rhomboids, and middle and lower trapezius. There is a wide variety of seated row machines, but most of them approximate the motion of a free-weight row, but in an upright, forward-facing position. Machine row variations are often performed for moderate to high reps, such as 8-12 reps per set or more, as part of an upper-body or back-focused portion of a workout.",Strength,Lats,Machine,Beginner,8.4,Average
1496,Machine-assisted pull-up,"The machine-assisted pull-up takes a classic back-building exercise and adds assistance to make the movement easier than the bodyweight version. The amount of assistance can easily be changed by moving the pin in the stack. While some people use this variation as a substitute for pull-ups or as an assistance exercise for pull-ups, it is also effective as a way to perform the pull-up motion in traditional muscle-building ranges. This variation is often performed for moderate to high reps, such as 8-12 reps per set or more, as part of upper-body or back-focused training.",Strength,Lats,Machine,Beginner,8.2,Average
1506,Pull-up,"The pull-up is a multijoint bodyweight exercise that builds strength and muscle in the upper back, biceps, and core. It is often used as a measurement tool in military or tactical fitness tests, and is an excellent gauge of ""relative strength"" which is strength in relation to body weight.",Strength,Lats,Body Only,Beginner,8.9,Average
1509,Wide-Grip Rear Pull-Up,,Strength,Lats,Body Only,Beginner,8.7,Average
1529,Catch and Overhead Throw,,Plyometrics,Lats,Medicine Ball,Beginner,5.8,Average
1531,Dynamic Back Stretch,,Stretching,Lats,,Beginner,4.8,Average
1532,Chair Lower Back Stretch,,Stretching,Lats,,Beginner,3.2,Average
1533,Side-Lying Floor Stretch,,Stretching,Lats,,Beginner,1.0,Average
1538,Barbell deficit deadlift,"The barbell deficit deadlift is a compound exercise targeting the posterior chain. It is commonly utilized in powerlifting training to build pulling strength off the floor, but is also an effective muscle-building movement for the glutes and hamstrings. It is usually performed with lighter weight, and perhaps for higher reps, than traditional deadlifts. If these make your back sore, decrease the deficit and/or wear a weightlifting belt.",Powerlifting,Lower Back,Barbell,Beginner,9.4,Average
1539,Deadlift with Bands,,Powerlifting,Lower Back,Barbell,Beginner,8.7,Average
1540,Deadlift with Chains,,Powerlifting,Lower Back,Barbell,Beginner,8.6,Average
1541,Rack Pull with Bands,,Powerlifting,Lower Back,Barbell,Beginner,8.5,Average
1543,Seated Good Mornings,,Powerlifting,Lower Back,Barbell,Beginner,8.1,Average
1544,Stiff Leg Barbell Good Morning,,Strength,Lower Back,Barbell,Beginner,8.1,Average
1545,Reverse Band Deadlift,,Powerlifting,Lower Back,Barbell,Beginner,0.0,Average
1578,Axle Deadlift,,Strongman,Lower Back,Other,Beginner,9.1,Average
1579,Atlas Stone Trainer,,Strongman,Lower Back,Other,Beginner,6.4,Average
1580,Partner Flat-Bench Back Extension,"The partner bench back extensionis a clever way to perform this exercise, which works the spinal erectors in the lower back. There are machines and angled apparatus that allow this exercise to performed solo; but, lacking those, all you need is a bench and a workout partner.",Strength,Lower Back,Other,Beginner,0.0,
1581,Keg Load,,Strongman,Lower Back,Other,Beginner,0.0,Average
1582,Partner bench back extension,"The partner bench back extension is a clever way to target the glutes and spinal erector muscles. There are machines and angled benches that allow this exercise to be performed solo, but, lacking those, all you need is a bench and a workout partner. It is usually performed for high reps as a burnout or accessory movement for lower-body training.",Strength,Lower Back,Other,Beginner,0.0,
1592,Seated Back Extension,,Strength,Lower Back,Machine,Beginner,8.2,Average
1594,Hyperextensions With No Hyperextension Bench,,Strength,Lower Back,Body Only,Beginner,8.8,Average
1601,Partner Superman with alternating high-five,"The partner Superman with alternating high-five is an exercise in which both partners perform isometric holds for reps, high-fiving each other in between. It targets the muscles of the posterior chain, including the muscles of the glutes, spinal erectors, and upper back. It can be performed as part of a dynamic warm-up, or as part of a core or back-focused workout or finisher.",Strength,Lower Back,Body Only,Beginner,0.0,
1624,Dancer's Stretch,,Stretching,Lower Back,,Beginner,5.4,Average
1625,Cat Stretch,,Stretching,Lower Back,,Beginner,4.9,Average
1626,Crossover Reverse Lunge,,Stretching,Lower Back,,Beginner,3.9,Average
1627,Standing Pelvic Tilt,,Stretching,Lower Back,,Beginner,3.1,Average
1628,Exercise ball weighted hyperextension,"The exercise ball weighted hyperextension is an exercise that strengthens the lower back. If balance is an issue, have someone hold your feet.",Strength,Lower Back,Exercise Ball,Beginner,8.3,Average
1631,Partner Facing Feet-Elevated Side Plank With Band Row,,Strength,Middle Back,Bands,Beginner,0.0,
1641,Yates Row Reverse Grip,,Strength,Middle Back,Barbell,Beginner,8.3,Average
1643,Straight Bar Bench Mid Rows,,Strength,Middle Back,Barbell,Beginner,6.5,Average
1645,Yates Row,,Strength,Middle Back,Barbell,Beginner,0.0,Average
1646,Plate Row,,Strength,Middle Back,Barbell,Beginner,0.0,Average
1647,Barbell Deadlift Bent Row Complex,"The barbell deadlift bent-over row complex combines two movements to target the posterior chain. It requires using a lighter weight than you could handle for heavy deadlifts alone, but doubles down on activation in the upper back, lower back, and glutes.",Strength,Middle Back,Barbell,Beginner,0.0,
1648,Single-Arm Landmine Row,,Strength,Middle Back,Barbell,Beginner,0.0,Average
1662,Two-Arm Kettlebell Row,,Strength,Middle Back,Kettlebells,Beginner,7.3,Average
1671,Bent Over Two-Dumbbell Row With Palms In,,Strength,Middle Back,Dumbbell,Beginner,8.8,Average
1674,Middle Back Shrug,,Strength,Middle Back,Dumbbell,Beginner,8.3,Average
1703,Inverted Row with Straps,,Strength,Middle Back,Other,Beginner,6.4,Average
1704,One Arm Chin-Up,,Strength,Middle Back,Other,Beginner,6.3,Average
1705,Sled Row,,Strength,Middle Back,Other,Beginner,0.0,
1732,Leverage High Row,The machine high row is an exercise targeting the lats and works the back overall.,Strength,Middle Back,Machine,Beginner,7.9,Average
1749,Upright Row - With Bands,,Strength,Traps,Bands,Beginner,7.8,Average
1753,Clean Shrug,,Olympic Weightlifting,Traps,Barbell,Beginner,6.8,Average
1754,Snatch Shrug,,Olympic Weightlifting,Traps,Barbell,Beginner,6.2,Average
1762,Lying Face Down Plate Neck Resistance,,Strength,Neck,Other,Beginner,9.3,Average
1763,Lying Face Up Plate Neck Resistance,,Strength,Neck,Other,Beginner,8.4,Average
1764,Seated Head Harness Neck Resistance,,Strength,Neck,Other,Beginner,7.6,Average
1769,Calf-Machine Shoulder Shrug,,Strength,Traps,Machine,Beginner,8.7,Average
1775,Isometric Neck Exercise - Sides,,Strength,Neck,Body Only,Beginner,7.4,Average
1776,Isometric Neck Exercise - Front And Back,,Strength,Neck,Body Only,Beginner,6.4,Average
1777,Neck Bridge Prone,,Strength,Neck,Body Only,Beginner,5.7,Average
1780,Scapular Pull-Up,,Strength,Traps,,Beginner,6.6,Average
1782,Squats - With Bands,,Strength,Quadriceps,Bands,Beginner,5.8,Average
1783,Hip Flexion with Band,,Strength,Quadriceps,Bands,Beginner,0.0,
1784,Forward Band Walk,,Strength,Quadriceps,Bands,Beginner,0.0,
1798,Clean from Blocks,,Olympic Weightlifting,Quadriceps,Barbell,Beginner,9.5,Average
1803,Hang Clean,,Olympic Weightlifting,Quadriceps,Barbell,Beginner,9.3,Average
1805,Olympic Squat,,Olympic Weightlifting,Quadriceps,Barbell,Beginner,9.1,Average
1807,Box Squat with Bands,,Powerlifting,Quadriceps,Barbell,Beginner,9.0,Average
1808,Weighted Jump Squat,,Strength,Quadriceps,Barbell,Beginner,9.0,Average
1809,Squat with Chains,,Powerlifting,Quadriceps,Barbell,Beginner,9.0,Average
1816,Hang Clean - Below the Knees,,Olympic Weightlifting,Quadriceps,Barbell,Beginner,8.5,Average
1820,Split Jerk,,Olympic Weightlifting,Quadriceps,Barbell,Beginner,8.3,Average
1824,Jefferson Squats,,Strength,Quadriceps,Barbell,Beginner,8.0,Average
1825,Jerk Dip Squat,,Olympic Weightlifting,Quadriceps,Barbell,Beginner,8.0,Average
1827,Frankenstein Squat,,Olympic Weightlifting,Quadriceps,Barbell,Beginner,7.7,Average
1831,Clean Pull,,Olympic Weightlifting,Quadriceps,Barbell,Beginner,7.2,Average
1832,Front Barbell Squat To A Bench,,Strength,Quadriceps,Barbell,Beginner,5.3,Average
1834,Split Clean,,Olympic Weightlifting,Quadriceps,Barbell,Beginner,0.0,Average
1836,Front Squat (Clean Grip),,Strength,Quadriceps,Barbell,Beginner,0.0,Average
1838,Squat Jerk,,Strength,Quadriceps,Barbell,Beginner,0.0,Average
1840,Box Squat with Chains,,Strength,Quadriceps,Barbell,Beginner,0.0,Average
1841,Snatch from Blocks,,Olympic Weightlifting,Quadriceps,Barbell,Beginner,0.0,Average
1842,Power Snatch from Blocks,,Olympic Weightlifting,Quadriceps,Barbell,Beginner,0.0,Average
1845,Squat with Bands,,Powerlifting,Quadriceps,Barbell,Beginner,0.0,Average
1846,Heaving Snatch Balance,,Olympic Weightlifting,Quadriceps,Barbell,Beginner,0.0,Average
1847,Snatch Balance,,Olympic Weightlifting,Quadriceps,Barbell,Beginner,0.0,Average
1848,Reverse Band Power Squat,,Powerlifting,Quadriceps,Barbell,Beginner,0.0,Average
1872,Front Squats With Two Kettlebells,,Strength,Quadriceps,Kettlebells,Beginner,9.2,Average
1873,Kettlebell Pistol Squat,,Strength,Quadriceps,Kettlebells,Beginner,9.1,Average
1875,Kettlebell Curtsy Lunge,,Strength,Quadriceps,Kettlebells,Beginner,7.7,Average
1924,Dumbbell Squat To A Bench,,Strength,Quadriceps,Dumbbell,Beginner,7.0,Average
1927,Single-Arm Dumbbell Overhead Squat,,Strength,Quadriceps,Dumbbell,Beginner,0.0,
1930,Dumbbell Pistol Squat,,Strength,Quadriceps,Dumbbell,Beginner,0.0,
1931,Dumbbell Squat Snatch,,Strength,Quadriceps,Dumbbell,Beginner,0.0,
1932,Dumbbell Alternating Lunge,,Strength,Quadriceps,Dumbbell,Beginner,0.0,
1934,Dumbbell Side Lunge,,Strength,Quadriceps,Dumbbell,Beginner,0.0,Average
1998,Single Leg Push-off,,Plyometrics,Quadriceps,Other,Beginner,9.2,Average
2002,Skating,,Cardio,Quadriceps,Other,Beginner,8.4,Average
2005,Yoke Walk,,Strongman,Quadriceps,Other,Beginner,8.0,Average
2006,Front Cone Hops (or hurdle hops),,Plyometrics,Quadriceps,Other,Beginner,7.3,Average
2007,Weighted Squat,,Strength,Quadriceps,Other,Beginner,7.2,Average
2009,Backward Drag,,Strongman,Quadriceps,Other,Beginner,6.9,Average
2013,Intermediate Hip Flexor and Quad Stretch,,Stretching,Quadriceps,Other,Beginner,6.3,Average
2017,Single-Leg Box Jump,,Plyometrics,Quadriceps,Other,Beginner,0.0,Average
2018,Conan's Wheel,,Strongman,Quadriceps,Other,Beginner,0.0,Average
2019,Single-Leg Hop Progression,,Plyometrics,Quadriceps,Other,Beginner,0.0,Average
2020,Rickshaw Deadlift,,Strongman,Quadriceps,Other,Beginner,0.0,
2022,Single-Leg Stride Jump,,Plyometrics,Quadriceps,Other,Beginner,0.0,
2023,Trap Bar Jump,,Plyometrics,Quadriceps,Other,Beginner,0.0,
2024,Single-Leg Lateral Hop,,Plyometrics,Quadriceps,Other,Beginner,0.0,Average
2026,Sandbag Load,,Strongman,Quadriceps,Other,Beginner,0.0,Average
2028,Car Deadlift,,Strongman,Quadriceps,Other,Beginner,0.0,
2029,Barbell Squat To A Box,,Strength,Quadriceps,Other,Beginner,0.0,
2030,Double Under,,Cardio,Quadriceps,Other,Beginner,0.0,
2062,Cable Hip Adduction,,Strength,Quadriceps,Cable,Beginner,8.2,Average
2063,Cable Deadlifts,,Strength,Quadriceps,Cable,Beginner,7.7,Average
2070,Narrow Stance Hack Squats,,Strength,Quadriceps,Machine,Beginner,8.8,Average
2078,Recumbent Bike,,Cardio,Quadriceps,Machine,Beginner,8.2,Average
2083,Leverage Deadlift,,Strength,Quadriceps,Machine,Beginner,0.0,
2129,Alien Squat,,Plyometrics,Quadriceps,Body Only,Beginner,8.2,Average
2131,Rocket Jump,,Plyometrics,Quadriceps,Body Only,Beginner,8.0,Average
2143,All Fours Quad Stretch,,Stretching,Quadriceps,Body Only,Beginner,5.0,Average
2148,Rear Leg Raises,,Stretching,Quadriceps,Body Only,Beginner,3.4,Average
2157,Slide Jump Shot,,Plyometrics,Quadriceps,Body Only,Beginner,0.0,
2162,Star Jump,,Plyometrics,Quadriceps,Body Only,Beginner,0.0,
2164,Lying Prone Quadriceps,,Stretching,Quadriceps,Body Only,Beginner,0.0,
2165,Fast Kick With Arm Circles,,Cardio,Quadriceps,Body Only,Beginner,0.0,
2167,Defensive Slide,,Cardio,Quadriceps,Body Only,Beginner,0.0,
2169,Vertical Mountain Climber,,Cardio,Quadriceps,Body Only,Beginner,0.0,
2170,Reverse Burpee,,Plyometrics,Quadriceps,Body Only,Beginner,0.0,
2171,Football Up-Down,,Cardio,Quadriceps,Body Only,Beginner,0.0,
2175,Slow Jog,,Cardio,Quadriceps,Body Only,Beginner,0.0,
2178,Square Hop,,Plyometrics,Quadriceps,Body Only,Beginner,0.0,
2418,Alternate Leg Diagonal Bound,,Plyometrics,Quadriceps,,Beginner,6.9,Average
2419,Sit Squats,,Stretching,Quadriceps,,Beginner,6.1,Average
2420,Frog Hops,,Stretching,Quadriceps,,Beginner,3.9,Average
2425,Bosu Ball Squat,,Strength,Quadriceps,Exercise Ball,Beginner,0.0,
2427,Internal Rotation with Band,,Strength,Shoulders,Bands,Beginner,8.3,Average
2429,Back Flyes - With Bands,,Strength,Shoulders,Bands,Beginner,8.1,Average
2430,Lateral Raise - With Bands,,Strength,Shoulders,Bands,Beginner,7.9,Average
2431,Shoulder Press - With Bands,,Strength,Shoulders,Bands,Beginner,7.6,Average
2432,External Rotation with Band,,Strength,Shoulders,Bands,Beginner,0.0,
2452,Snatch-Grip Behind-The-Neck Overhead Press,,Strength,Shoulders,Barbell,Beginner,9.0,Average
2457,Bradford/Rocky Presses,,Strength,Shoulders,Barbell,Beginner,8.2,Average
2465,Rack Delivery,,Olympic Weightlifting,Shoulders,Barbell,Beginner,0.0,
2466,Smith Incline Shoulder Raise,,Strength,Shoulders,Barbell,Beginner,0.0,Average
2467,Tall Muscle Snatch,,Olympic Weightlifting,Shoulders,Barbell,Beginner,0.0,
2468,Axle Clean And Press,,Strongman,Shoulders,Barbell,Beginner,0.0,Average
2469,Jerk Balance,,Olympic Weightlifting,Shoulders,Barbell,Beginner,0.0,Average
2489,Two-Arm Kettlebell Military Press,,Strength,Shoulders,Kettlebells,Beginner,8.7,Average
2490,Alternating Kettlebell Press,,Strength,Shoulders,Kettlebells,Beginner,8.6,Average
2494,Two-Arm Kettlebell Clean,,Strength,Shoulders,Kettlebells,Beginner,7.5,Average
2496,Kettlebell Seated Press,,Strength,Shoulders,Kettlebells,Beginner,7.0,Average
2497,Double Kettlebell Jerk,,Strength,Shoulders,Kettlebells,Beginner,7.0,Average
2498,Kettlebell Arnold Press,,Strength,Shoulders,Kettlebells,Beginner,6.8,Average
2500,One-Arm Kettlebell Split Snatch,,Strength,Shoulders,Kettlebells,Beginner,0.0,
2501,One-Arm Kettlebell Para Press,,Strength,Shoulders,Kettlebells,Beginner,0.0,
2502,One-Arm Kettlebell Split Jerk,,Strength,Shoulders,Kettlebells,Beginner,0.0,
2503,One-Arm Kettlebell Military Press To The Side,,Strength,Shoulders,Kettlebells,Beginner,0.0,
2504,One-Arm Kettlebell Jerk,,Strength,Shoulders,Kettlebells,Beginner,0.0,
2505,Double Kettlebell Snatch,,Strength,Shoulders,Kettlebells,Beginner,0.0,
2506,Two-Arm Kettlebell Jerk,,Strength,Shoulders,Kettlebells,Beginner,0.0,
2531,Power Partials,,Strength,Shoulders,Dumbbell,Beginner,9.1,Average
2549,Dumbbell Raise,,Strength,Shoulders,Dumbbell,Beginner,8.4,Average
2554,Reverse Flyes With External Rotation,,Strength,Shoulders,Dumbbell,Beginner,8.0,Average
2557,Dumbbell Scaption,,Strength,Shoulders,Dumbbell,Beginner,7.8,Average
2558,See-Saw Press (Alternating Side Press),,Strength,Shoulders,Dumbbell,Beginner,7.8,Average
2559,Dumbbell Incline Shoulder Raise,,Strength,Shoulders,Dumbbell,Beginner,7.4,Average
2561,Dumbbell Clean And Jerk,,Strength,Shoulders,Dumbbell,Beginner,0.0,
2659,Circus Bell,,Strongman,Shoulders,Other,Beginner,7.7,Average
2661,Crucifix,,Strongman,Shoulders,Other,Beginner,6.0,Average
2662,Bar shoulder extension stretch,The bar shoulder extension stretch is a technique to increase overhead mobility (known as shoulder flexion) and thoracic extension with the help of a bar or other stable object. It is often used as part of a warm-up before upper-body training.,Stretching,Shoulders,Other,Beginner,5.3,Average
2663,Chair Upper Body Stretch,,Stretching,Shoulders,Other,Beginner,4.1,Average
2666,Sled Overhead Backward Walk,,Strength,Shoulders,Other,Beginner,0.0,
2667,Log Lift,,Strongman,Shoulders,Other,Beginner,0.0,Average
2683,Cable Internal Rotation,,Strength,Shoulders,Cable,Beginner,8.6,Average
2691,Cable Shoulder Press,,Strength,Shoulders,Cable,Beginner,8.1,Average
2692,Alternating Cable Shoulder Press,,Strength,Shoulders,Cable,Beginner,8.0,Average
2731,Seated Front Deltoid,,Stretching,Shoulders,Body Only,Beginner,4.5,Average
2757,Backward Medicine Ball Throw,,Plyometrics,Shoulders,Medicine Ball,Beginner,6.8,Average
2759,Standing Two-Arm Overhead Throw,,Plyometrics,Shoulders,Medicine Ball,Beginner,0.0,Average
2763,Side Wrist Pull,,Stretching,Shoulders,,Beginner,8.4,Average
2764,Elbow Circles,,Stretching,Shoulders,,Beginner,5.3,Average
2765,Kneeling Arm Drill,,Plyometrics,Shoulders,,Beginner,4.0,Average
2773,Decline Close-Grip Bench To Skull Crusher,,Strength,Triceps,Barbell,Beginner,8.9,Average
2778,Bench Press with Chains,,Powerlifting,Triceps,Barbell,Beginner,8.3,Average
2779,Floor Press,,Powerlifting,Triceps,Barbell,Beginner,8.3,Average
2780,One Arm Floor Press,,Strength,Triceps,Barbell,Beginner,7.3,Average
2781,Pin Presses,,Powerlifting,Triceps,Barbell,Beginner,7.0,Average
2782,JM Press With Bands,,Strength,Triceps,Barbell,Beginner,0.0,
2783,JM Press,,Strength,Triceps,Barbell,Beginner,0.0,
2784,Floor Press with Chains,,Powerlifting,Triceps,Barbell,Beginner,0.0,Average
2785,Reverse Band Bench Press,,Powerlifting,Triceps,Barbell,Beginner,0.0,Average
2797,Decline Dumbbell Triceps Extension,,Strength,Triceps,Dumbbell,Beginner,8.5,Average
2799,One Arm Pronated Dumbbell Triceps Extension,,Strength,Triceps,Dumbbell,Beginner,8.4,Average
2800,One Arm Supinated Dumbbell Triceps Extension,,Strength,Triceps,Dumbbell,Beginner,8.4,Average
2801,Seated Bent-Over Two-Arm Dumbbell Triceps Extension,,Strength,Triceps,Dumbbell,Beginner,8.2,Average
2802,Tate Press,,Strength,Triceps,Dumbbell,Beginner,8.1,Average
2804,Seated Bent-Over One-Arm Dumbbell Triceps Extension,,Strength,Triceps,Dumbbell,Beginner,7.5,Average
2805,Dumbbell Tricep Extension -Pronated Grip,,Strength,Triceps,Dumbbell,Beginner,6.3,Average
2825,Chain Handle Extension,,Powerlifting,Triceps,Other,Beginner,8.3,Average
2826,Sled Overhead Triceps Extension,,Strength,Triceps,Other,Beginner,0.0,
2828,Suspended Triceps Press,,Strength,Triceps,Other,Beginner,0.0,Average
2841,Low Cable Triceps Extension,,Strength,Triceps,Cable,Beginner,8.2,Average
2889,Standing Towel Triceps Extension,,Strength,Triceps,Body Only,Beginner,6.5,Average
2892,Overhead Triceps,,Stretching,Triceps,Body Only,Beginner,3.3,Average
2910,Supine Chest Throw,,Plyometrics,Triceps,Medicine Ball,Beginner,8.2,Average
2914,Lying Close-Grip Barbell Triceps Press To Chin,,Strength,Triceps,E-Z Curl Bar,Beginner,8.1,Average
